"from","to","reason"
"日常の小さな不便は-誰のために続いているのか-a001","家-家族-共同生活を一人で抱えないための小さな表-a008","隣接する問いへ回遊"
"なぜ日常の小さな不便は-少しだけ面倒なまま残るのか-a002","家-家族-共同生活で最初に迷う場所を見取り図にする-a009","隣接する問いへ回遊"
"日常の小さな不便を一人で抱えないための小さな表-a003","家-家族-共同生活の失敗例を先に並べてみる-a010","隣接する問いへ回遊"
"日常の小さな不便で最初に迷う場所を見取り図にする-a004","片付け-整理-所有は-誰のために続いているのか-a011","隣接する問いへ回遊"
"日常の小さな不便の失敗例を先に並べてみる-a005","なぜ片付け-整理-所有は-少しだけ面倒なまま残るのか-a012","隣接する問いへ回遊"
"家-家族-共同生活は-誰のために続いているのか-a006","片付け-整理-所有を一人で抱えないための小さな表-a013","隣接する問いへ回遊"
"なぜ家-家族-共同生活は-少しだけ面倒なまま残るのか-a007","片付け-整理-所有で最初に迷う場所を見取り図にする-a014","隣接する問いへ回遊"
"家-家族-共同生活を一人で抱えないための小さな表-a008","片付け-整理-所有の失敗例を先に並べてみる-a015","隣接する問いへ回遊"
"家-家族-共同生活で最初に迷う場所を見取り図にする-a009","時間-習慣-注意力は-誰のために続いているのか-a016","隣接する問いへ回遊"
"家-家族-共同生活の失敗例を先に並べてみる-a010","なぜ時間-習慣-注意力は-少しだけ面倒なまま残るのか-a017","隣接する問いへ回遊"
"片付け-整理-所有は-誰のために続いているのか-a011","時間-習慣-注意力を一人で抱えないための小さな表-a018","隣接する問いへ回遊"
"なぜ片付け-整理-所有は-少しだけ面倒なまま残るのか-a012","時間-習慣-注意力で最初に迷う場所を見取り図にする-a019","隣接する問いへ回遊"
"片付け-整理-所有を一人で抱えないための小さな表-a013","時間-習慣-注意力の失敗例を先に並べてみる-a020","隣接する問いへ回遊"
"片付け-整理-所有で最初に迷う場所を見取り図にする-a014","連絡-会話-人間関係は-誰のために続いているのか-a021","隣接する問いへ回遊"
"片付け-整理-所有の失敗例を先に並べてみる-a015","なぜ連絡-会話-人間関係は-少しだけ面倒なまま残るのか-a022","隣接する問いへ回遊"
"時間-習慣-注意力は-誰のために続いているのか-a016","連絡-会話-人間関係を一人で抱えないための小さな表-a023","隣接する問いへ回遊"
"なぜ時間-習慣-注意力は-少しだけ面倒なまま残るのか-a017","連絡-会話-人間関係で最初に迷う場所を見取り図にする-a024","隣接する問いへ回遊"
"時間-習慣-注意力を一人で抱えないための小さな表-a018","連絡-会話-人間関係の失敗例を先に並べてみる-a025","隣接する問いへ回遊"
"時間-習慣-注意力で最初に迷う場所を見取り図にする-a019","食事-料理-小さな食文化は-誰のために続いているのか-a026","隣接する問いへ回遊"
"時間-習慣-注意力の失敗例を先に並べてみる-a020","なぜ食事-料理-小さな食文化は-少しだけ面倒なまま残るのか-a027","隣接する問いへ回遊"
"連絡-会話-人間関係は-誰のために続いているのか-a021","食事-料理-小さな食文化を一人で抱えないための小さな表-a028","隣接する問いへ回遊"
"なぜ連絡-会話-人間関係は-少しだけ面倒なまま残るのか-a022","食事-料理-小さな食文化で最初に迷う場所を見取り図にする-a029","隣接する問いへ回遊"
"連絡-会話-人間関係を一人で抱えないための小さな表-a023","食事-料理-小さな食文化の失敗例を先に並べてみる-a030","隣接する問いへ回遊"
"連絡-会話-人間関係で最初に迷う場所を見取り図にする-a024","買い物-消費-選択は-誰のために続いているのか-a031","隣接する問いへ回遊"
"連絡-会話-人間関係の失敗例を先に並べてみる-a025","なぜ買い物-消費-選択は-少しだけ面倒なまま残るのか-a032","隣接する問いへ回遊"
"食事-料理-小さな食文化は-誰のために続いているのか-a026","買い物-消費-選択を一人で抱えないための小さな表-a033","隣接する問いへ回遊"
"なぜ食事-料理-小さな食文化は-少しだけ面倒なまま残るのか-a027","買い物-消費-選択で最初に迷う場所を見取り図にする-a034","隣接する問いへ回遊"
"食事-料理-小さな食文化を一人で抱えないための小さな表-a028","買い物-消費-選択の失敗例を先に並べてみる-a035","隣接する問いへ回遊"
"食事-料理-小さな食文化で最初に迷う場所を見取り図にする-a029","移動-交通-待ち時間は-誰のために続いているのか-a036","隣接する問いへ回遊"
"食事-料理-小さな食文化の失敗例を先に並べてみる-a030","なぜ移動-交通-待ち時間は-少しだけ面倒なまま残るのか-a037","隣接する問いへ回遊"
"買い物-消費-選択は-誰のために続いているのか-a031","移動-交通-待ち時間を一人で抱えないための小さな表-a038","隣接する問いへ回遊"
"なぜ買い物-消費-選択は-少しだけ面倒なまま残るのか-a032","移動-交通-待ち時間で最初に迷う場所を見取り図にする-a039","隣接する問いへ回遊"
"買い物-消費-選択を一人で抱えないための小さな表-a033","移動-交通-待ち時間の失敗例を先に並べてみる-a040","隣接する問いへ回遊"
"買い物-消費-選択で最初に迷う場所を見取り図にする-a034","学校生活は-誰のために続いているのか-a041","隣接する問いへ回遊"
"買い物-消費-選択の失敗例を先に並べてみる-a035","なぜ学校生活は-少しだけ面倒なまま残るのか-a042","隣接する問いへ回遊"
"移動-交通-待ち時間は-誰のために続いているのか-a036","学校生活を一人で抱えないための小さな表-a043","隣接する問いへ回遊"
"なぜ移動-交通-待ち時間は-少しだけ面倒なまま残るのか-a037","学校生活で最初に迷う場所を見取り図にする-a044","隣接する問いへ回遊"
"移動-交通-待ち時間を一人で抱えないための小さな表-a038","学校生活の失敗例を先に並べてみる-a045","隣接する問いへ回遊"
"移動-交通-待ち時間で最初に迷う場所を見取り図にする-a039","教えること-学ぶことは-誰のために続いているのか-a046","隣接する問いへ回遊"
"移動-交通-待ち時間の失敗例を先に並べてみる-a040","なぜ教えること-学ぶことは-少しだけ面倒なまま残るのか-a047","隣接する問いへ回遊"
"学校生活は-誰のために続いているのか-a041","教えること-学ぶことを一人で抱えないための小さな表-a048","隣接する問いへ回遊"
"なぜ学校生活は-少しだけ面倒なまま残るのか-a042","教えること-学ぶことで最初に迷う場所を見取り図にする-a049","隣接する問いへ回遊"
"学校生活を一人で抱えないための小さな表-a043","教えること-学ぶことの失敗例を先に並べてみる-a050","隣接する問いへ回遊"
"学校生活で最初に迷う場所を見取り図にする-a044","子ども-若者の視点は-誰のために続いているのか-a051","隣接する問いへ回遊"
"学校生活の失敗例を先に並べてみる-a045","なぜ子ども-若者の視点は-少しだけ面倒なまま残るのか-a052","隣接する問いへ回遊"
"教えること-学ぶことは-誰のために続いているのか-a046","子ども-若者の視点を一人で抱えないための小さな表-a053","隣接する問いへ回遊"
"なぜ教えること-学ぶことは-少しだけ面倒なまま残るのか-a047","子ども-若者の視点で最初に迷う場所を見取り図にする-a054","隣接する問いへ回遊"
"教えること-学ぶことを一人で抱えないための小さな表-a048","子ども-若者の視点の失敗例を先に並べてみる-a055","隣接する問いへ回遊"
"教えること-学ぶことで最初に迷う場所を見取り図にする-a049","学生プロジェクト-部活動は-誰のために続いているのか-a056","隣接する問いへ回遊"
"教えること-学ぶことの失敗例を先に並べてみる-a050","なぜ学生プロジェクト-部活動は-少しだけ面倒なまま残るのか-a057","隣接する問いへ回遊"
"子ども-若者の視点は-誰のために続いているのか-a051","学生プロジェクト-部活動を一人で抱えないための小さな表-a058","隣接する問いへ回遊"
"なぜ子ども-若者の視点は-少しだけ面倒なまま残るのか-a052","学生プロジェクト-部活動で最初に迷う場所を見取り図にする-a059","隣接する問いへ回遊"
"子ども-若者の視点を一人で抱えないための小さな表-a053","学生プロジェクト-部活動の失敗例を先に並べてみる-a060","隣接する問いへ回遊"
"子ども-若者の視点で最初に迷う場所を見取り図にする-a054","記憶-理解-考える技術は-誰のために続いているのか-a061","隣接する問いへ回遊"
"子ども-若者の視点の失敗例を先に並べてみる-a055","なぜ記憶-理解-考える技術は-少しだけ面倒なまま残るのか-a062","隣接する問いへ回遊"
"学生プロジェクト-部活動は-誰のために続いているのか-a056","記憶-理解-考える技術を一人で抱えないための小さな表-a063","隣接する問いへ回遊"
"なぜ学生プロジェクト-部活動は-少しだけ面倒なまま残るのか-a057","記憶-理解-考える技術で最初に迷う場所を見取り図にする-a064","隣接する問いへ回遊"
"学生プロジェクト-部活動を一人で抱えないための小さな表-a058","記憶-理解-考える技術の失敗例を先に並べてみる-a065","隣接する問いへ回遊"
"学生プロジェクト-部活動で最初に迷う場所を見取り図にする-a059","小さな仕事-名もない作業は-誰のために続いているのか-a066","隣接する問いへ回遊"
"学生プロジェクト-部活動の失敗例を先に並べてみる-a060","なぜ小さな仕事-名もない作業は-少しだけ面倒なまま残るのか-a067","隣接する問いへ回遊"
"記憶-理解-考える技術は-誰のために続いているのか-a061","小さな仕事-名もない作業を一人で抱えないための小さな表-a068","隣接する問いへ回遊"
"なぜ記憶-理解-考える技術は-少しだけ面倒なまま残るのか-a062","小さな仕事-名もない作業で最初に迷う場所を見取り図にする-a069","隣接する問いへ回遊"
"記憶-理解-考える技術を一人で抱えないための小さな表-a063","小さな仕事-名もない作業の失敗例を先に並べてみる-a070","隣接する問いへ回遊"
"記憶-理解-考える技術で最初に迷う場所を見取り図にする-a064","働き方-時間-疲労は-誰のために続いているのか-a071","隣接する問いへ回遊"
"記憶-理解-考える技術の失敗例を先に並べてみる-a065","なぜ働き方-時間-疲労は-少しだけ面倒なまま残るのか-a072","隣接する問いへ回遊"
"小さな仕事-名もない作業は-誰のために続いているのか-a066","働き方-時間-疲労を一人で抱えないための小さな表-a073","隣接する問いへ回遊"
"なぜ小さな仕事-名もない作業は-少しだけ面倒なまま残るのか-a067","働き方-時間-疲労で最初に迷う場所を見取り図にする-a074","隣接する問いへ回遊"
"小さな仕事-名もない作業を一人で抱えないための小さな表-a068","働き方-時間-疲労の失敗例を先に並べてみる-a075","隣接する問いへ回遊"
"小さな仕事-名もない作業で最初に迷う場所を見取り図にする-a069","チーム-組織-会議は-誰のために続いているのか-a076","隣接する問いへ回遊"
"小さな仕事-名もない作業の失敗例を先に並べてみる-a070","なぜチーム-組織-会議は-少しだけ面倒なまま残るのか-a077","隣接する問いへ回遊"
"働き方-時間-疲労は-誰のために続いているのか-a071","チーム-組織-会議を一人で抱えないための小さな表-a078","隣接する問いへ回遊"
"なぜ働き方-時間-疲労は-少しだけ面倒なまま残るのか-a072","チーム-組織-会議で最初に迷う場所を見取り図にする-a079","隣接する問いへ回遊"
"働き方-時間-疲労を一人で抱えないための小さな表-a073","チーム-組織-会議の失敗例を先に並べてみる-a080","隣接する問いへ回遊"
"働き方-時間-疲労で最初に迷う場所を見取り図にする-a074","引き継ぎ-属人化-記録は-誰のために続いているのか-a081","隣接する問いへ回遊"
"働き方-時間-疲労の失敗例を先に並べてみる-a075","なぜ引き継ぎ-属人化-記録は-少しだけ面倒なまま残るのか-a082","隣接する問いへ回遊"
"チーム-組織-会議は-誰のために続いているのか-a076","引き継ぎ-属人化-記録を一人で抱えないための小さな表-a083","隣接する問いへ回遊"
"なぜチーム-組織-会議は-少しだけ面倒なまま残るのか-a077","引き継ぎ-属人化-記録で最初に迷う場所を見取り図にする-a084","隣接する問いへ回遊"
"チーム-組織-会議を一人で抱えないための小さな表-a078","引き継ぎ-属人化-記録の失敗例を先に並べてみる-a085","隣接する問いへ回遊"
"チーム-組織-会議で最初に迷う場所を見取り図にする-a079","接客-顧客対応は-誰のために続いているのか-a086","隣接する問いへ回遊"
"チーム-組織-会議の失敗例を先に並べてみる-a080","なぜ接客-顧客対応は-少しだけ面倒なまま残るのか-a087","隣接する問いへ回遊"
"引き継ぎ-属人化-記録は-誰のために続いているのか-a081","接客-顧客対応を一人で抱えないための小さな表-a088","隣接する問いへ回遊"
"なぜ引き継ぎ-属人化-記録は-少しだけ面倒なまま残るのか-a082","接客-顧客対応で最初に迷う場所を見取り図にする-a089","隣接する問いへ回遊"
"引き継ぎ-属人化-記録を一人で抱えないための小さな表-a083","接客-顧客対応の失敗例を先に並べてみる-a090","隣接する問いへ回遊"
"引き継ぎ-属人化-記録で最初に迷う場所を見取り図にする-a084","採用-教育-働き始めは-誰のために続いているのか-a091","隣接する問いへ回遊"
"引き継ぎ-属人化-記録の失敗例を先に並べてみる-a085","なぜ採用-教育-働き始めは-少しだけ面倒なまま残るのか-a092","隣接する問いへ回遊"
"接客-顧客対応は-誰のために続いているのか-a086","採用-教育-働き始めを一人で抱えないための小さな表-a093","隣接する問いへ回遊"
"なぜ接客-顧客対応は-少しだけ面倒なまま残るのか-a087","採用-教育-働き始めで最初に迷う場所を見取り図にする-a094","隣接する問いへ回遊"
"接客-顧客対応を一人で抱えないための小さな表-a088","採用-教育-働き始めの失敗例を先に並べてみる-a095","隣接する問いへ回遊"
"接客-顧客対応で最初に迷う場所を見取り図にする-a089","失敗-中止-やり直しは-誰のために続いているのか-a096","隣接する問いへ回遊"
"接客-顧客対応の失敗例を先に並べてみる-a090","なぜ失敗-中止-やり直しは-少しだけ面倒なまま残るのか-a097","隣接する問いへ回遊"
"採用-教育-働き始めは-誰のために続いているのか-a091","失敗-中止-やり直しを一人で抱えないための小さな表-a098","隣接する問いへ回遊"
"なぜ採用-教育-働き始めは-少しだけ面倒なまま残るのか-a092","失敗-中止-やり直しで最初に迷う場所を見取り図にする-a099","隣接する問いへ回遊"
"採用-教育-働き始めを一人で抱えないための小さな表-a093","失敗-中止-やり直しの失敗例を先に並べてみる-a100","隣接する問いへ回遊"
"採用-教育-働き始めで最初に迷う場所を見取り図にする-a094","個人事業-小さな商売は-誰のために続いているのか-a101","隣接する問いへ回遊"
"採用-教育-働き始めの失敗例を先に並べてみる-a095","なぜ個人事業-小さな商売は-少しだけ面倒なまま残るのか-a102","隣接する問いへ回遊"
"失敗-中止-やり直しは-誰のために続いているのか-a096","個人事業-小さな商売を一人で抱えないための小さな表-a103","隣接する問いへ回遊"
"なぜ失敗-中止-やり直しは-少しだけ面倒なまま残るのか-a097","個人事業-小さな商売で最初に迷う場所を見取り図にする-a104","隣接する問いへ回遊"
"失敗-中止-やり直しを一人で抱えないための小さな表-a098","個人事業-小さな商売の失敗例を先に並べてみる-a105","隣接する問いへ回遊"
"失敗-中止-やり直しで最初に迷う場所を見取り図にする-a099","店舗-商店-地域の店は-誰のために続いているのか-a106","隣接する問いへ回遊"
"失敗-中止-やり直しの失敗例を先に並べてみる-a100","なぜ店舗-商店-地域の店は-少しだけ面倒なまま残るのか-a107","隣接する問いへ回遊"
"個人事業-小さな商売は-誰のために続いているのか-a101","店舗-商店-地域の店を一人で抱えないための小さな表-a108","隣接する問いへ回遊"
"なぜ個人事業-小さな商売は-少しだけ面倒なまま残るのか-a102","店舗-商店-地域の店で最初に迷う場所を見取り図にする-a109","隣接する問いへ回遊"
"個人事業-小さな商売を一人で抱えないための小さな表-a103","店舗-商店-地域の店の失敗例を先に並べてみる-a110","隣接する問いへ回遊"
"個人事業-小さな商売で最初に迷う場所を見取り図にする-a104","飲食店-キッチンカー-屋台は-誰のために続いているのか-a111","隣接する問いへ回遊"
"個人事業-小さな商売の失敗例を先に並べてみる-a105","なぜ飲食店-キッチンカー-屋台は-少しだけ面倒なまま残るのか-a112","隣接する問いへ回遊"
"店舗-商店-地域の店は-誰のために続いているのか-a106","飲食店-キッチンカー-屋台を一人で抱えないための小さな表-a113","隣接する問いへ回遊"
"なぜ店舗-商店-地域の店は-少しだけ面倒なまま残るのか-a107","飲食店-キッチンカー-屋台で最初に迷う場所を見取り図にする-a114","隣接する問いへ回遊"
"店舗-商店-地域の店を一人で抱えないための小さな表-a108","飲食店-キッチンカー-屋台の失敗例を先に並べてみる-a115","隣接する問いへ回遊"
"店舗-商店-地域の店で最初に迷う場所を見取り図にする-a109","サロン-教室-予約型事業は-誰のために続いているのか-a116","隣接する問いへ回遊"
"店舗-商店-地域の店の失敗例を先に並べてみる-a110","なぜサロン-教室-予約型事業は-少しだけ面倒なまま残るのか-a117","隣接する問いへ回遊"
"飲食店-キッチンカー-屋台は-誰のために続いているのか-a111","サロン-教室-予約型事業を一人で抱えないための小さな表-a118","隣接する問いへ回遊"
"なぜ飲食店-キッチンカー-屋台は-少しだけ面倒なまま残るのか-a112","サロン-教室-予約型事業で最初に迷う場所を見取り図にする-a119","隣接する問いへ回遊"
"飲食店-キッチンカー-屋台を一人で抱えないための小さな表-a113","サロン-教室-予約型事業の失敗例を先に並べてみる-a120","隣接する問いへ回遊"
"飲食店-キッチンカー-屋台で最初に迷う場所を見取り図にする-a114","民泊-宿-観光は-誰のために続いているのか-a121","隣接する問いへ回遊"
"飲食店-キッチンカー-屋台の失敗例を先に並べてみる-a115","なぜ民泊-宿-観光は-少しだけ面倒なまま残るのか-a122","隣接する問いへ回遊"
"サロン-教室-予約型事業は-誰のために続いているのか-a116","民泊-宿-観光を一人で抱えないための小さな表-a123","隣接する問いへ回遊"
"なぜサロン-教室-予約型事業は-少しだけ面倒なまま残るのか-a117","民泊-宿-観光で最初に迷う場所を見取り図にする-a124","隣接する問いへ回遊"
"サロン-教室-予約型事業を一人で抱えないための小さな表-a118","民泊-宿-観光の失敗例を先に並べてみる-a125","隣接する問いへ回遊"
"サロン-教室-予約型事業で最初に迷う場所を見取り図にする-a119","お金-価格-会計は-誰のために続いているのか-a126","隣接する問いへ回遊"
"サロン-教室-予約型事業の失敗例を先に並べてみる-a120","なぜお金-価格-会計は-少しだけ面倒なまま残るのか-a127","隣接する問いへ回遊"
